﻿<?xml version="1.0" encoding="UTF-8"?>
<?xml-stylesheet type="text/xsl" href="../Teinte/tei2html.xsl"?>
<?xml-model href="http://oeuvres.github.io/Teinte/teinte.rng" type="application/xml" schematypens="http://relaxng.org/ns/structure/1.0"?>
<!--Odette: 2020-10-27T13:59:42+01:00-->
<TEI xmlns="http://www.tei-c.org/ns/1.0" xml:lang="fr">
 <teiHeader>
 <fileDesc>
 <titleStmt>
  <title>Adresse aux Français du 12 mars 2020</title>
  <author> Elysée</author>
  <respStmt>
  <resp>Encodage en XML-TEI</resp>
  <name > Emma BOSSY </name>
  </respStmt>
 </titleStmt>

 <editionStmt>
  <edition>Edition étudiante pour le cours de M2HN Recherches actuelles en HN</edition>
  <date>novembre 2020</date>
 </editionStmt>

 <publicationStmt>
  <publisher>Université de Lyon</publisher>
  <pubPlace>Lyon </pubPlace>
 </publicationStmt>

 <sourceDesc> Retranscription disponible sur le site de l'Elysée </sourceDesc>
 </fileDesc>
 <profileDesc>
 <creation>
  <date when="[2020-10-27]"/>
 </creation>
 <langUsage>
  <language ident="fr"/>
 </langUsage>
 </profileDesc>
 </teiHeader>


 <text>
 <body>
 <p> <placeName type = 'nationalité' nymRef = 'France'>Françaises</placeName> 
  <placeName type = 'nationalité' nymRef=" 'France">Français </placeName>, mes chers compatriotes,</p>
 <p>Depuis quelques semaines, notre pays fait face à la propagation d’un virus, le Covid-19, qui a touché 
 plusieurs milliers de nos compatriotes.
	 J'ai, bien entendu, ce soir, avant toute chose, une pensée <trait type = " émotion">émue</trait> et chaleureuse pour les familles et les proches de nos victimes. 
	 Cette épidémie qui affecte tous les continents et frappe tous les pays <placeName type = 'nationalité' nymRef = 'Europe'> européens </placeName> est la plus
	 grave crise sanitaire qu’ait connu la <placeName nymRef = 'France'> <country nymRef = 'France'>France</country></placeName> depuis un siècle. 
	 Dans l’immense majorité des cas, le Covid-19 est sans danger, mais le virus peut avoir des conséquences très graves, en particulier pour celles et 
	 ceux de nos compatriotes qui sont âgés ou affectés par des maladies chroniques comme le diabète, l’obésité ou le cancer.</p>
 <p>Durant plusieurs semaines, nous avons préparé, agi. Les <roleName type='santé' nymRef = "personnel des hôpitaux">personnels des hôpitaux</roleName>, 
 <roleName type='santé' nymRef = "médecin">médecins</roleName>, <roleName type='santé' nymRef = "infirmier">infirmiers</roleName>, 
 <roleName type='santé' nymRef="ambulancier">ambulanciers</roleName>,
  les <roleName type='santé' nymRef = "agent du samu et hôpitaux">agents des <orgName nymRef="samu">Samu</orgName> et
	 de nos hôpitaux</roleName>, les <roleName type='santé' nymRef="médecin de ville">médecins de ville</roleName>,
	  l’ensemble des <roleName type='santé' nymRef = "personnel du service public de la santé">personnels du service public de la santé</roleName> 
	 en <placeName nymRef = 'France'> <country nymRef = 'France'>France </country></placeName> 
	 sont <trait type = "laudatif">engagés avec dévouement et efficacité</trait>. 
	 Si nous avons pu retarder la propagation du virus et limiter les cas sévères, c’est grâce à eux parce que <trait type = "mobilisation">tous ont répondu présents</trait>. 
	 <trait type = "mobilisation">Tous ont accepté de prendre du temps sur leur vie personnelle, familiale, pour notre santé</trait>.
	  C'est pourquoi, en votre nom,
	  je tiens avant toute chose à exprimer ce soir la <trait type = "émotion" nymRef = "gratitude">reconnaissance</trait> 
	  de la Nation à ces <trait type = "combat">héros</trait> en
	 blouse blanche, ces milliers de femmes et d’hommes <trait type = "laudatif">admirables</trait> <trait type = "laudatif">qui n’ont d’autre boussole que le soin,
	  d’autre préoccupation que l’humain, notre bien-être, notre vie</trait>, tout simplement.</p>
 <p>Je veux aussi, ce soir, saluer le <trait type = "émotion" nymRef="sang-froid">sang-froid</trait> dont vous avez fait preuve. 
 Face à la propagation du virus, vous avez pu <trait type = "émotion" nymRef = "ressentir">ressentir</trait> pour vous-mêmes,
	 pour vos proches, de l’<trait type = " émotion">inquiétude</trait> voire de l’<trait type = " émotion">angoisse</trait>, et c’est bien légitime. 
	 Tous, vous avez su <trait type = "combat">faire face</trait> en ne cédant ni à la <trait type = " émotion">colère</trait>, ni à la <trait type = " émotion">panique</trait>.
	 Mieux, en adoptant les bons gestes, vous avez ralenti la diffusion du virus et ainsi permis à nos hôpitaux 
	 et nos <roleName type='santé' nymRef = "soignant">soignants</roleName> 
	 de mieux se préparer. 
	  <trait type = "laudatif">C'est cela, une grande Nation. Des femmes et des hommes capables de placer l’intérêt collectif au-dessus de tout,</trait>
	 une <trait type = "mobilisation">communauté humaine qui tient par des valeurs : la solidarité, la fraternité</trait>.</p>
 <p>Cependant, mes chers compatriotes, je veux vous le dire ce soir avec beaucoup de gravité, 
 de lucidité mais aussi la <trait type = "mobilisation">volonté collective</trait> que nous adoptions 
	 la bonne organisation, nous ne sommes qu’au début de cette épidémie. 
	 Partout en <placeName nymRef = 'Europe'> <bloc nymRef = 'Europe'>Europe </bloc></placeName>,
	 elle s’accélère, elle s’intensifie. Face à cela, la priorité absolue pour notre Nation sera notre santé. Je ne transigerai sur rien.</p>
 <p>Un principe nous guide pour définir nos actions, il nous guide depuis le début pour anticiper cette crise puis pour la gérer depuis plusieurs semaines
	 et il doit continuer de le faire : c’est la <trait type = "expertise">confiance dans la science</trait>. C'est d’écouter <roleName type = "expertise">celles et ceux qui savent</roleName>. Les plus grands 
	 <roleName type='expertise' nymRef = "spécialiste">spécialistes</roleName> <placeName type = 'nationalité' nymRef = 'Europe'>européens</placeName> 
	 se sont exprimés ce matin dans une <trait type = "expertise">publication importante</trait>. J'ai réuni aujourd’hui,
 avec le <roleName type = "politique" nymRef = "premier ministre">Premier ministre</roleName> 
 et le <roleName type = "politique" nymRef = "ministre de la santé">ministre de la Santé</roleName>, 
 notre <orgName nymRef = 'Comité Scientifique de suivi'>comité 
	 scientifique de suivi</orgName>. Nous avons en <placeName nymRef = 'France'> <country nymRef ='France'>France </country></placeName> 
	 les meilleurs <roleName type='santé' nymRef = "virologue">virologues</roleName>, 
	 les meilleurs <roleName type='santé' nymRef = "épidémiologue">épidémiologistes</roleName>, 
	 des <roleName type='expertise' nymRef = "spécialiste">spécialistes</roleName> <trait type = "expertise">de grand renom</trait>, 
	 des <roleName type='santé' nymRef = "clinicien">cliniciens</roleName> aussi, 
	 des gens qui sont sur le terrain et que nous avons écouté, comme nous le faisons 
	 depuis le <num type = "ordinal" val="1st">premier</num> jour. Tous nous ont dit que malgré nos <trait type = "combat">efforts</trait> pour le freiner, 
	 le virus continue de se propager et est en train de s’accélérer. 
	 Nous le savions, nous le <trait type = "émotion">redoutions</trait>.</p>
  <p>Ce qui risque de se passer, c’est que la maladie touchera d’abord les personnes les plus vulnérables. Beaucoup d’entre eux auront besoin de soins 
	 adaptés à l’hôpital, souvent d’assistance respiratoire. C'est pourquoi, et j’y reviendrai dans un instant, nous prenons des mesures très fortes pour 
	 augmenter massivement nos capacités d’accueil à l’hôpital car l’enjeu est de continuer à aussi soigner les autres maladies. C'est aussi de se préparer
	 à une possible <num type="ordinal" val="2nd">deuxième</num> vague qui touchera un peu plus tard, en nombre beaucoup plus réduit, des personnes plus jeunes, 
	 a priori moins exposées à la maladie, mais qu’il faudra soigner également.</p>
 <p>Dans ce contexte, l’urgence est de protéger nos compatriotes les plus vulnérables. L'urgence est de freiner l’épidémie afin de protéger nos hôpitaux, 
	 nos services d’urgence et de réanimation, nos <roleName type='santé' nymRef = "soignant">soignants</roleName> qui vont avoir à traiter, 
	 comme je viens de vous l’expliquer, de plus en plus de patients atteints.
	 Ce sont là nos priorités. C'est pour cela qu’il nous faut continuer de <trait type = "combat">gagner du temps</trait> et suivre celles et ceux qui sont les plus fragiles. 
	 Protéger les plus vulnérables d’abord. C'est la priorité absolue.</p>
 <p>C'est pourquoi je demande ce soir à toutes les personnes âgées de plus de <num type = "cardinal" val ='70'>70</num> ans, à celles et 
 ceux qui souffrent de maladies chroniques
  ou de troubles respiratoires, aux personnes en situation de handicap, de rester autant que possible à leur domicile. Elles pourront, bien sûr, sortir de chez elles pour 
	 faire leurs courses, pour s’aérer, mais elles doivent limiter leurs contacts au maximum. Dans ce contexte, j’ai interrogé 
	 les <roleName type='expertise' nymRef = "scientifique">scientifiques</roleName> sur nos élections
	 municipales, dont le <num type = "ordinal" val="1st">premier</num> tour se tiendra dans quelques jours. Ils considèrent que rien ne s’oppose
	 à ce que les <placeName type ='nationalité' nymRef ='France'>Français</placeName>, même les plus vulnérables, 
	 se rendent aux urnes. J'ai aussi demandé au <roleName type = "politique" nymRef = "premier ministre">Premier ministre</roleName>, il l’a fait encore ce matin,
	 de consulter largement toutes les familles politiques, 
	 et elles ont exprimé la même volonté. Mais il conviendra de veiller au respect strict des gestes barrières contre le virus et des recommandations sanitaires.
	 Je fais confiance aux <roleName type='politique' nymRef = "maire">maires</roleName> et au <trait type = "mobilisation">civisme de chacun d’entre vous</trait>. 
	 Je sais aussi que les mairies et les services de l’Etat ont bien organisé les choses.
	 Des consignes renforcées seront données dès demain afin que nos aînés n’attendent pas longtemps, que des files ne se constituent pas,
	 que les distances soient aussi tenues et que ces fameuses mesures barrières soient bien respectées. Mais il est important, dans ce moment, 
	 en suivant l’avis des <roleName type='expertise' nymRef = "scientifique">scientifiques</roleName> comme nous venons de le faire, 
	 d’assurer la continuité de notre vie démocratique et de nos institutions. 
	 Voilà, la priorité des priorités aujourd’hui est donc de protéger les plus faibles, celles et ceux que cette épidémie touche d’abord.</p>
 <p>La <num type = "ordinal" val="2nd">deuxième</num>, c’est de freiner l’épidémie. 
 Pourquoi ? Le <roleName type = "politique" nymRef = "ministre de la santé">ministre de la Santé</roleName> et
  le <roleName type = "politique" nymRef = "directeur général de la santé">directeur général de la Santé</roleName> vous l’ont expliqué à plusieurs reprises :
	 pour éviter l’accumulation de patients qui seront en détresse respiratoire dans nos services d’urgence et de réanimation. Il faut continuer de <trait type = "combat">gagner 
	 du temps</trait>, et pour cela, je vais vous demander de continuer à faire des <trait type = "combat">sacrifices</trait> 
	 et plutôt d’en faire davantage, mais pour notre intérêt collectif.</p>
 <p>Dès lundi et jusqu’à nouvel ordre, les crèches, les écoles, les collèges, les lycées et les universités seront fermés pour une raison simple : 
	 nos enfants et nos plus jeunes, selon les <roleName type='expertise' nymRef = "scientifique">scientifiques</roleName> toujours, sont celles et ceux qui propagent, 
	 semble-t-il, le plus rapidement le virus, même si,
	 pour les enfants, ils n’ont parfois pas de symptômes et, heureusement, ne semblent pas aujourd’hui souffrir de formes 
	 aiguës de la maladie. C'est à la fois pour les protéger et pour réduire la dissémination du virus à travers notre territoire.</p>
 <p>Un service de garde sera mis en place région par région, nous trouverons les bonnes organisations pour qu’en effet, les personnels qui sont indispensables
	 à la gestion de la crise sanitaire puissent faire garder leurs enfants et continuer d’aller au travail pour vous protéger et vous soigner. Cette organisation
	 sera travaillée par le Gouvernement dans les prochains jours avec l’ensemble des <roleName type ="politique" nymRef="élu">élus</roleName>
	  et tous les responsables sur notre territoire.</p>
 <p>Quand cela est possible, je demande aux entreprises de permettre 
 à leurs <roleName type="profession" nymRef = "employé">employés</roleName> de travailler à distance. 
  Les <roleName type='politique' nymRef = "ministre">ministres</roleName> l’ont déjà annoncé, nous avons 
	 beaucoup développé le télétravail. Il faut continuer cela, l’intensifier au maximum. Les transports publics seront maintenus, car les arrêter, ce serait 
	 tout bloquer, y compris la possibilité de soigner. Mais là aussi, <trait type = "mobilisation">c’est à votre mobilisation que j’en appelle</trait>, et j’invite tous 
	 les <placeName type = 'nationalité' nymRef = 'France'>Français </placeName> à limiter leurs déplacements au strict nécessaire.
	 Le Gouvernement annoncera par ailleurs des mesures pour limiter au maximum les rassemblements.</p>
 <p>Dans le même temps, notre système de santé, notamment dans les services de réanimation, doit se préparer à accueillir de plus en plus de cas graves de 
	 Covid-19 et continuer à soigner les autres malades. Des places doivent se libérer dans les hôpitaux. Pour cela, toutes les capacités hospitalières nationales
	 ainsi que le maximum de <roleName type='santé' nymRef = "médecin">médecins</roleName> et 
	 de <roleName type='santé' nymRef = "soignant">soignants</roleName> seront <trait type = "mobilisation">mobilisés</trait>. 
	 Nous allons aussi <trait type = "mobilisation">mobiliser</trait> les <roleName type='profession' nymRef = "étudiant">étudiants</roleName>,
	  les jeunes <roleName type='profession' nymRef = "retraité">retraités</roleName>. 
	 Des mesures exceptionnelles seront prises en ce sens. Beaucoup, d’ailleurs, ont commencé. Je veux les remercier. J'ai vu il y a quelques jours, 
	 au <orgName nymRef = "samu">Samu</orgName> 
	 de <placeName nymRef = 'Paris'> <settlement type = 'city' nymRef = 'Paris'>Paris </settlement></placeName>,
	 une <trait type = "mobilisation">mobilisation magnifique, émouvante, exemplaire</trait>, 
	 où des <roleName type='profession' nymRef = "étudiant">étudiants</roleName>, 
	 à quelques mois de leur concours,
	  étaient là pour répondre aux appels, aider, et où 
	 des <roleName type='santé' nymRef="médecin">médecins</roleName> à peine retraités étaient revenus pour prêter main forte. 
	 C'est cela que nous allons collectivement généraliser en prenant les bonnes mesures.
	 En parallèle, les soins non essentiels à l’hôpital seront reportés, c’est à dire les opérations qui ne sont pas urgentes, tout ce qui peut nous aider à 
	 <trait type = "combat">gagner du temps</trait>. La santé n’a pas de prix. Le Gouvernement <trait type = "mobilisation">mobilisera</trait> 
	 tous les moyens financiers nécessaires pour porter assistance, pour prendre en charge
	 les malades, pour sauver des vies quoi qu’il en coûte. Beaucoup des décisions que nous sommes en train de prendre, beaucoup des changements auxquels nous 
	 sommes en train de procéder, nous les garderons parce que nous apprenons aussi de cette crise, 
	 parce que nos <roleName type='santé' nymRef = "soignant">soignants</roleName> sont <trait type = "laudatif">formidables d’innovation et de 
	 mobilisation</trait>, et ce que nous sommes en train de faire, nous en tirerons toutes les leçons et sortirons avec un système de santé encore plus fort.</p>
 <p>La <trait type = "mobilisation">mobilisation générale</trait> est également celle de nos <roleName type='expertise' nymRef = "chercheur">chercheurs</roleName>. 
 De nombreux programmes <placeName type = 'nationalité' nymRef = 'France'>français</placeName> et <placeName type = 'nation' nymRef = 'Europe'>européens</placeName>, essais cliniques, sont en cours pour produire
	 en quantité des diagnostics rapides, performants et efficaces. Nous allons améliorer les choses en la matière, et au 
	 niveau <placeName type = 'nationalité' nymRef = 'France'>français </placeName> comme <placeName type = 'nationalité' nymRef = 'Europe'>européen
	 </placeName>, les travaux sont lancés. 
	 Nos <roleName type='expertise' nymRef = "professeur">professeurs</roleName>, 
	 avec l’appui des <roleName type='expertise' nymRef = "acteur privé">acteurs privés</roleName>, travaillent d’ores et déjà sur plusieurs pistes de traitement 
	 à <placeName nymRef = 'Paris'> <settlement type = 'city' nymRef = 'Paris'> Paris</settlement></placeName>, 
	 <placeName nymRef = 'Marseilles'><settlement type = 'city' nymRef = 'Marseilles'>Marseille </settlement></placeName> et 
	 <placeName nymRef = 'Lyon'> <settlement type = 'city' nymRef = 'Lyon'>Lyon </settlement></placeName>, entre autres. Les protocoles ont commencé. 
	 J'espère que dans les prochaines semaines et les prochains 
	 mois, nous aurons des premiers traitements que nous pourrons généraliser. 
	 L' <placeName nymRef = 'Europe'> <bloc nymRef = 'Europe'>Europe </bloc></placeName> 
	 a tous les atouts pour offrir au monde l’antidote au Covid-19. Des équipes sont également à pied d’oeuvre pour inventer un vaccin.
	 Il ne pourra pas voir le jour avant
	 plusieurs mois, mais il est porteur de grands <trait type = "émotion">espoirs</trait>. 
	 La <trait type = "mobilisation">mobilisation</trait> de notre <trait type = "expertise">recherche</trait> <placeName type = 'nationalité' nymRef = 'France'>française
	 </placeName>, <placeName type = 'nationalité' nymRef = 'Europe'>européenne </placeName> est aussi au rendez-vous et je continuerai de l’intensifier.</p>-->
 <p>Cette <trait type = "combat">épreuve</trait> exige aussi une <trait type = "mobilisation">mobilisation sociale</trait> envers les plus démunis, les plus fragiles. 
  La trêve hivernale sera reportée de <num type = "cardinal" val="2">deux</num> mois, et je demande
	 au Gouvernement des mesures exceptionnelles, dans ce contexte, pour les plus fragiles. Enfin, l'<trait type = "combat">épreuve</trait> 
	 que nous traversons exige une <trait type = "mobilisation">mobilisation générale</trait>
	 sur le plan économique. Déjà, des <roleName type='profession' nymRef = "restaurateur">restaurateurs</roleName>, 
	 des <roleName type='profession' nymRef = "commercant">commerçants</roleName>, 
	 des <roleName type='profession' nymRef = "artisan">artisans</roleName>, des <roleName type='profession' nymRef = "hôtelier">hôteliers</roleName>, 
	 des <roleName type='profession' nymRef = "professionel du tourisme, de la culture, de l'événementiel, du transport">professionnels du tourisme, de la culture, 
	 de l’événementiel, du transport</roleName> souffrent, je le sais. Les <roleName type='profession' nymRef = "entrepreneur">entrepreneurs</roleName> 
	 <trait type = " émotion">s’inquiètent</trait> pour leurs carnets de commandes, et tous, vous vous interrogez pour 
	 votre emploi, pour votre pouvoir d’achat. Je le sais, c’est légitime. Avec les décisions que je viens d’annoncer ce soir, 
	 cette <trait type = " émotion">inquiétude</trait> économique va évidemment s’accroître.</p>
 <p>Nous n’ajouterons pas aux difficultés sanitaires la <trait type = " émotion">peur</trait> de la faillite pour les <roleName type='profession' nymRef = "entrepreneur">entrepreneurs</roleName>, 
 l’<trait type = " émotion">angoisse</trait> du chômage et des fins de mois difficiles pour
	 les <roleName type='profession' nymRef = "salarié">salariés</roleName>. 
	 Aussi, tout sera mis en oeuvre pour protéger nos salariés et pour protéger nos entreprises quoi qu’il en coûte, là aussi. Dès les jours à venir,
	 un mécanisme exceptionnel et massif de chômage partiel sera mis en oeuvre. Des premières annonces ont été faites par les <roleName type='profession' nymRef = "ministre">ministres</roleName>. 
	 Nous irons beaucoup plus loin. L'Etat prendra en charge l’indemnisation des <roleName type='profession' nymRef = "salarié">salariés</roleName> 
	 contraints à rester chez eux. Je veux, en la matière, que nous nous inspirions de ce que les
	 <placeName type ='nationalité' nymRef = 'Germany'>Allemands</placeName> ont su par exemple mettre en oeuvre avec un système plus généreux, plus simple
	 que le nôtre. Je veux que nous puissions préserver les emplois et
	 les compétences, c’est à dire faire en sorte que les <roleName type='profession' nymRef = "salarié">salariés</roleName> puissent rester dans l’entreprise, 
	 même s’ils sont obligés de rester à la maison, et que nous
	 les payions. Je veux que nous puissions protéger aussi nos <roleName type='profession' nymRef = "indépendant">indépendants</roleName>. 
	 Nous prendrons toutes les mesures nécessaires pour donner cette garantie sur le plan
	 économique.</p>
 <p>Toutes les entreprises qui le souhaitent pourront reporter sans justification, sans formalité, sans pénalité le paiement des cotisations et impôts dus en
	 <date when="2020-03">mars</date>. Nous travaillerons ensuite sur les mesures nécessaires d’annulation ou de rééchelonnement, 
	 mais je nous connais collectivement, on prend toujours trop 
	 de temps à faire cela. Je veux, pour nos forces économiques, des mesures simples. Les échéances qui sont dues dans les prochains jours et les prochaines 
	 semaines seront suspendues pour toutes celles et ceux qui en ont besoin. 
	 Nous <trait type = "combat">défendrons</trait> nos entreprises de toutes tailles. Nous <trait type = "combat">défendrons</trait> l’ensemble des 
	 <roleName type='profession' nymRef = "travailleur">travailleurs et des travailleuses</roleName>. En parallèle, j’ai demandé au Gouvernement de préparer d’ores 
	 et déjà un plan de relance national et <placeName type = 'nationalité' nymRef = 'Europe'>européen</placeName> cohérent 
	 avec nos priorités et nos engagements pour l’avenir.</p>
 <p>Nous devons aussi porter une réponse <placeName type = 'nationalité' nymRef = 'Europe'>européenne</placeName>. 
  La <orgName nymRef = 'European Central Bank'>Banque centrale</orgName> a déjà, aujourd’hui, 
  fait part de ses <num type ="ordinal" nymRef = "1st">premières</num> décisions. Seront-elles suffisantés ? 
	 Je ne le crois pas. Il lui appartiendra d’en prendre de nouvelles. Mais je vais être là aussi très clair avec vous ce soir : 
	 nous, <placeName type = 'nationalité' nymRef = 'Europe'>Européens</placeName>, ne laisserons 
	 pas une crise financière et économique se propager. <trait type = "combat">Nous réagirons fort et nous réagirons vite</trait>. 
	 L'ensemble des gouvernements <placeName type = 'nationalité' nymRef = 'Europe'>européens</placeName> doit prendre les 
	 décisions de soutien de l’activité puis de relance quoi qu’il en coûte. 
	 La <placeName nymRef = 'France'> <country nymRef = 'France'>France </country></placeName> le fera, 
	 et c’est cette ligne que je porterai au niveau <placeName type = 'nationalité' nymRef = 'Europe'>européen</placeName> en votre
	 nom. C'est déjà ce que j’ai fait lors du conseil exceptionnel qui s’est tenu hier. Je ne sais ce que les marchés financiers donneront dans les prochains 
	 jours, et je serai tout aussi clair. L' <placeName nymRef = 'Europe'><bloc nymRef = 'Europe'>Europe </bloc></placeName> réagira de manière organisée, 
	 massive pour protéger son économie. Je souhaite aussi que nous puissions nous organiser sur le plan international, et j’en appelle à la mobilisation 
	 des puissances du <orgName nymRef = 'G7'>G7</orgName> et du <orgName nymRef = 'G20'>G20</orgName>. 
 Dès demain, j’échangerai avec le <persName nymRef = "Trump"><roleName type = "politique" nymRef = "président">président</roleName> TRUMP </persName> 
	  pour lui proposer une initiative exceptionnelle entre les <roleName type = "politique" nymRef = "membre G7">membres 
	  du <orgName nymRef = 'G7'>G7</orgName></roleName>, 
	  puisque c’est lui qui a la présidence. 
	 Ce n’est pas la division qui permettra de 
	 répondre à ce qui est aujourd’hui une crise mondiale, mais bien notre capacité à voir juste et tôt ensemble et à <trait type = "mobilisation">agir ensemble</trait>.</p>
 <p>Mes chers compatriotes, toutes ces mesures sont nécessaires pour notre sécurité à tous 
 et je vous demande de <trait type = "mobilisation">faire bloc</trait> autour d’elles. On ne vient pas,
	 en effet, à bout d’une crise d’une telle ampleur sans <trait type = "mobilisation">faire bloc</trait>. 
	 On ne vient pas à bout d’une crise d’une telle ampleur sans une <trait type = "mobilisation">grande discipline 
	 individuelle et collective</trait>, sans une <trait type = "mobilisation">unité</trait>. 
	 J'entends aujourd’hui, dans notre pays, des voix qui vont en tous sens. Certains nous disent : "vous n’allez pas 
	 assez loin" et voudraient tout fermer et <trait type = " émotion">s’inquiètent</trait> de tout, de manière parfois disproportionnée, 
	 et d’autres considèrent que ce risque n’est pas pour eux.
	 J'ai essayé de vous donner, ce soir, ce qui doit être la ligne de notre Nation tout entière. 
	 Nous devons aujourd’hui éviter <num type = "cardinal" val="2">deux</num> écueils, mes chers compatriotes.</p>
 <p>D'une part, le repli nationaliste. Ce virus n’a pas de passeport. <trait type = "mobilisation">Il nous faut unir nos forces, coordonner nos réponses, coopérer</trait>. 
  La <placeName nymRef = 'France'><country nymRef = 'France'>France </country></placeName> est à pied d’oeuvre. La coordination 
  <placeName type = 'nationalité' nymRef = 'Europe'>européenne</placeName> est essentielle, et j’y veillerai. Nous aurons sans doute des mesures à prendre, mais 
  il faut les prendre pour réduire les échanges entre les zones qui sont touchées et celles qui ne le sont pas. Ce ne sont pas forcément les frontières nationales. 
  Il ne faut céder là à aucune facilité, aucune <trait type = " émotion">panique</trait>. Nous aurons sans doute des mesures de contrôle, des fermetures de frontières à prendre, 
  mais il faudra les prendre quand elles
	  seront pertinentes et il faudra les prendre en <placeName type = 'nationalité' nymRef = 'Europe'>Européens</placeName>, 
	 à l’échelle <placeName type = 'nationalité' nymRef = 'Europe'>européenne</placeName>, car c’est à cette échelle-là que nous avons construit 
	 nos libertés et nos protections.</p>
 <p>L'autre écueil, ce serait le repli individualiste. Jamais de telles <trait type = "combat">épreuves</trait> ne se <trait type = "combat">surmontent</trait> en solitaire.
  <trait type = "mobilisation">C'est au contraire en solidaires, en disant
	 nous plutôt qu’en pensant je, que nous relèverons <trait type = "combat">cet immense défi</trait></trait>. 
	 C'est pourquoi je veux vous dire ce soir que je <trait type = "mobilisation">compte sur vous</trait> pour les jours, les 
	 semaines, les mois à venir. Je <trait type = "mobilisation">compte sur vous</trait> 
	 <trait type = "mobilisation">parce que le Gouvernement ne peut pas tout seul, et parce que nous sommes une nation</trait>. 
	 <trait type = "mobilisation">Chacun a son rôle à jouer</trait>. 
	 Je <trait type = "mobilisation">compte sur vous</trait> pour respecter les consignes qui sont et seront données par les autorités, 
	 et en particulier ces fameux gestes barrières contre 
	 le virus. Elles sont, aujourd’hui encore, trop peu appliquées. Cela veut dire se laver les mains suffisamment longtemps avec du savon ou avec des gels 
	 hydroalcooliques. Cela veut dire saluer sans embrasser ou serrer la main pour ne pas se transmettre le virus. Cela veut dire se tenir à distance d’un mètre.
	 Ces gestes peuvent vous paraître anodins. Ils sauvent des vies, des vies. C'est pourquoi, mes chers compatriotes, je vous appelle solennellement à les 
	 adopter.</p>
 <p><trait type = "mobilisation">Chacun d’entre nous détient une part de la protection des autres</trait>, à commencer par ses proches. 
 Je <trait type = "mobilisation">compte sur vous</trait> aussi pour prendre soin des plus 
	 vulnérables de nos compatriotes, ne pas rendre visite à nos aînés. C'est, j’en ai bien conscience, un <trait type = " émotion">crève-coeur</trait>.
	  C'est pourtant nécessaire temporairement.
	 Écrivez, téléphonez, prenez des nouvelles, protégez en limitant les visites. Je <trait type = "mobilisation">compte sur vous</trait>, oui, pour aussi aider le voisin qui, 
	 lorsqu’il est <roleName type='santé' nymRef = "personnel soignant">personnel
	 soignant</roleName>, a besoin d’une solution de garde pour ses enfants pour aller travailler et s’occuper des autres. 
	 Je compte sur les entreprises pour aider tous les <roleName type='profession' nymRef = "salarié">salariés</roleName> qui peuvent travailler chez eux à le faire. 
	 Je <trait type = "mobilisation">compte sur nous tous</trait> pour inventer dans cette période de nouvelles solidarités. Je demande à ce titre
	 au Gouvernement de travailler avec les partenaires sociaux, avec les associations dans cette direction. Cette crise doit être l’occasion d’une <trait type = "mobilisation">mobilisation 
	 nationale de solidarité entre générations</trait>. Nous en avons les ressorts. 
	 Il y a déjà des actions qui existent sur le terrain. <trait type = "mobilisation">Nous pouvons faire encore plus 
	 fort <trait type = "mobilisation">tous ensemble</trait></trait>.</p>
 <p>Je compte évidemment aussi sur tous nos <roleName type='santé' nymRef = "soignant">soignants</roleName>. 
 Je sais tout ce qu’ils ont déjà fait, je sais ce qu’il leur reste à faire. Le Gouvernement et moi-même 
	 serons là, nous prendrons toutes nos mobilisations pour vous. Je pense à tous nos <roleName type='santé' nymRef = "soignant">soignants</roleName> 
	 à l’hôpital, qui auront les cas les plus graves à traiter mais
	 aussi beaucoup d’urgences. Je pense aux <roleName type='santé' nymRef = "médecin">médecins</roleName>, 
	 aux <roleName type='santé' nymRef = "infirmier">infirmiers</roleName>, 
	 aux <roleName type='santé' nymRef = "infirmière">infirmières</roleName>, 
	 à tous les <roleName type='santé' nymRef = "soignant">soignants</roleName> qui sont aussi hors de l’hôpital qui se sont 
	 <trait type = "mobilisation">formidablement mobilisés</trait> et que nous allons de plus en plus solliciter dans les semaines à venir.</p>
 <p>Je sais pouvoir <trait type = "mobilisation">compter sur vous</trait>. 
 Le <roleName type = "politique" nymRef = "ministre de la santé">ministre de la Santé</roleName> 
 aura l’occasion aussi de préciser, dans les prochaines heures,
  les règles pour que nous vous 
	 aidions à bien vous protéger contre le virus. C'est le respect que nous avons envers vous, et c’est évidemment ce que la Nation vous doit. Les règles seront 
	 claires pour chacun, elles seront là aussi proportionnées et expliquées.</p>
 <p>Je <trait type = "mobilisation">compte sur vous toutes et tous pour faire Nation</trait> au fond. 
 Pour réveiller ce qu’il y a de meilleur en nous, pour révéler cette <trait type = "laudatif">âme généreuse</trait> qui,
	 par le passé, a permis à la <placeName nymRef = 'France'> <country nymRef = 'France'>France </country></placeName> 
	 d’ <trait type = "combat">affronter les plus dures épreuves</trait>.</p>
 <p>Mes chers compatriotes, il nous faudra demain tirer les leçons du moment que nous traversons, interroger le modèle de développement dans lequel s’est 
	 engagé notre monde depuis des décennies et qui dévoile ses failles au grand jour, interroger les faiblesses de nos démocraties. 
	 Ce que révèle d’ores et déjà cette pandémie, c’est que la santé gratuite sans condition de revenu, de parcours ou de profession, 
	 notre Etat-providence ne sont pas des coûts ou des 
	 charges mais des biens précieux, des atouts indispensables <trait type = "combat">quand le destin frappe</trait>.
	  Ce que révèle cette pandémie, c’est qu’il est des biens et des services
	 qui doivent être placés en dehors des lois du marché. Déléguer notre alimentation, notre protection, notre capacité à soigner notre cadre de vie au fond à 
	 d’autres est une folie. Nous devons en reprendre le contrôle, construire plus encore que nous ne le faisons déjà 
	 une <placeName nymRef = 'France'> <country nymRef = 'France'>France</country></placeName>, 
	 une <placeName nymRef = 'Europe'> <bloc nymRef = 'Europe'>Europe</bloc></placeName> <trait type = "communauté">souveraine</trait>, 
	 une <placeName nymRef = 'France'> <country nymRef = 'France'>France </country></placeName>
	 et une <placeName nymRef = 'Europe'> <bloc nymRef = 'Europe'>Europe</bloc></placeName> 
	 qui tiennent fermement leur destin en main. Les prochaines semaines et les prochains mois nécessiteront des décisions de rupture en ce sens. Je les assumerai.</p>
 <p>Mais le temps, aujourd’hui, est à la protection de nos concitoyens et à la <trait type = "communauté">cohésion de la Nation</trait>. 
 Le temps est à cette <trait type = "communauté">union sacrée</trait> qui consiste à <trait type = "mobilisation">suivre
	 tous ensemble un même chemin</trait>, à ne céder à aucune <trait type = " émotion">panique</trait>, aucune <trait type = " émotion">peur</trait>, 
	 aucune facilité, mais à retrouver cette <trait type = "communauté">force d’âme</trait> qui est la nôtre et qui a permis
	 à notre peuple de <trait type = "combat">surmonter</trait> tant de crises à travers l’histoire.</p>
 <p>La <placeName nymRef = 'France'> <country nymRef = 'France'>France </country></placeName> <trait type = "communauté">unie</trait>, 
 c’est notre meilleur atout dans la période troublée que nous traversons. 
 Nous tiendrons <trait type = "mobilisation">tous ensemble</trait>.</p>
 <p>Vive la République !</p>
 <p>Vive la <placeName nymRef = 'France'><country nymRef = 'France'>France </country></placeName> !</p>
 </body>
 </text>- ->
</TEI>
